regrowth,target_sparsity,mean_achieved_sparsity,mean_accuracy,std_accuracy,n_seeds
False,0.9,0.9000234962406015,0.9971111111111112,0.0005443310539517937,5
False,0.95,0.9500117481203008,0.994,0.0011331154474650618,5
True,0.9,0.9000234962406015,0.9577777777777777,0.06450954566171957,5
True,0.95,0.9500117481203008,0.9737777777777777,0.013270221001629862,5
